ct,favoriteCount,retweetCount
1,9214.0,3107.0
2,6981.0,2390.0
3,15724.0,6691.0
4,19837.0,6402.0
5,34051.0,11717.0
6,29831.0,9892.0
7,19223.0,5784.0
8,19543.0,7930.0
9,75488.0,24663.0
10,23661.0,7903.0
11,28069.0,8561.0
12,35205.0,13129.0
13,36936.0,13250.0
14,32716.0,9356.0
15,34109.0,10385.0
16,19436.0,8066.0
17,19330.0,5418.0
18,30869.0,16786.0
19,19431.0,5681.0
20,27568.0,13869.0
21,25860.0,8989.0
22,26919.0,8674.0
23,32750.0,12351.0
24,36899.0,13107.0
25,34549.0,11863.0
26,13737.0,4202.0
27,18101.0,5337.0
28,34671.0,10602.0
29,19434.0,5804.0
30,18501.0,5722.0
31,23610.0,7402.0
32,20680.0,5695.0
33,34588.0,10168.0
34,23818.0,7478.0
35,47871.0,19750.0
36,48199.0,13278.0
37,25396.0,5505.0
38,27751.0,6118.0
39,21241.0,10835.0
40,77996.0,29392.0
41,14727.0,8113.0
42,27590.0,13593.0
43,10459.0,3562.0
44,16985.0,7631.0
45,17823.0,5023.0
46,49203.0,26278.0
47,62343.0,15837.0
48,25057.0,7219.0
49,27558.0,8535.0
50,17296.0,5305.0
51,11860.0,3961.0
52,21029.0,10556.0
53,29122.0,12075.0
54,27316.0,11055.0
55,24146.0,13060.0
56,36523.0,16586.0
57,17798.0,4837.0
58,26361.0,9077.0
59,30099.0,9353.0
60,23645.0,7857.0
61,33124.0,11484.0
62,30888.0,12183.0
63,26036.0,8014.0
64,28810.0,9741.0
65,12416.0,3732.0
66,19884.0,8779.0
67,21350.0,6490.0
68,18762.0,5365.0
69,35495.0,12515.0
70,28725.0,8944.0
71,46307.0,14693.0
72,36355.0,13974.0
73,38603.0,10322.0
74,58456.0,19576.0
75,45662.0,15833.0
76,42353.0,12479.0
77,45653.0,11165.0
78,32969.0,10375.0
79,19032.0,7700.0
80,37530.0,11833.0
81,27538.0,8903.0
82,30520.0,10417.0
83,25923.0,10473.0
84,28062.0,8597.0
85,35431.0,12336.0
86,28168.0,8237.0
87,22339.0,10793.0
88,28887.0,9708.0
89,29962.0,9250.0
90,23527.0,5365.0
91,12909.0,4057.0
92,11679.0,3849.0
93,29098.0,10963.0
94,28480.0,9312.0
95,39001.0,11988.0
96,30832.0,9732.0
97,23901.0,7680.0
98,22146.0,8665.0
99,22823.0,7897.0
100,10675.0,3121.0
101,41720.0,21757.0
102,25478.0,6887.0
103,36296.0,10406.0
104,26463.0,12619.0
105,30192.0,8400.0
106,22735.0,6516.0
107,54762.0,17397.0
108,22451.0,6244.0
109,26545.0,7986.0
110,21849.0,6431.0
111,34688.0,9769.0
112,10966.0,3191.0
113,23887.0,8530.0
114,10832.0,3892.0
115,28560.0,9786.0
116,32284.0,9090.0
117,21247.0,6046.0
118,50313.0,18052.0
119,37699.0,13558.0
120,44191.0,16890.0
121,44014.0,16643.0
122,43700.0,15007.0
123,52278.0,20308.0
124,28335.0,8095.0
125,54749.0,31196.0
126,19679.0,6470.0
127,17274.0,4359.0
128,30638.0,10698.0
129,39319.0,17029.0
130,11353.0,3720.0
131,14984.0,4703.0
132,17578.0,6443.0
133,49483.0,16585.0
134,24830.0,6740.0
135,25663.0,8224.0
136,50801.0,17175.0
137,63463.0,20723.0
138,14644.0,3966.0
139,36218.0,19444.0
140,19067.0,5498.0
141,46309.0,16370.0
142,14416.0,6776.0
143,38242.0,14122.0
144,63373.0,24631.0
145,13604.0,4145.0
146,83275.0,30109.0
147,38199.0,11694.0
148,54206.0,16640.0
149,40866.0,13239.0
150,45968.0,15443.0
151,26051.0,7203.0
152,22577.0,6917.0
153,22370.0,9888.0
154,31819.0,8628.0
155,47223.0,10440.0
156,40897.0,10981.0
157,43716.0,13439.0
158,38131.0,12047.0
159,33989.0,10043.0
160,15566.0,5854.0
161,37076.0,14210.0
162,26342.0,7375.0
163,37997.0,12543.0
164,21159.0,6445.0
165,14477.0,4403.0
166,14669.0,4461.0
167,32410.0,8570.0
168,65616.0,20638.0
169,30296.0,7966.0
170,66865.0,23588.0
171,42958.0,11889.0
172,67697.0,23868.0
173,34816.0,10166.0
174,26900.0,8347.0
175,30731.0,9065.0
176,45081.0,14863.0
177,24861.0,8876.0
178,27088.0,8193.0
179,16104.0,4318.0
180,31008.0,10780.0
181,33550.0,13441.0
182,36144.0,10574.0
183,29774.0,8168.0
184,42333.0,12214.0
185,30633.0,9633.0
186,35543.0,13428.0
187,28734.0,8237.0
188,20143.0,5559.0
189,32844.0,11564.0
190,31310.0,9536.0
191,25460.0,7584.0
192,24666.0,7175.0
193,29788.0,9778.0
194,27803.0,9332.0
195,29549.0,11220.0
196,21827.0,6764.0
197,84829.0,32674.0
198,20275.0,5772.0
199,24375.0,6842.0
200,23910.0,8213.0
201,15945.0,6269.0
202,12883.0,5980.0
203,33185.0,6956.0
204,37245.0,15111.0
205,32319.0,9703.0
206,35065.0,10426.0
207,22526.0,8178.0
208,31100.0,9574.0
209,27023.0,9186.0
210,53658.0,24674.0
211,28185.0,8513.0
212,27380.0,10145.0
213,24411.0,7596.0
214,15372.0,4302.0
215,20621.0,6518.0
216,30992.0,13040.0
217,40214.0,11353.0
218,25908.0,5702.0
219,28399.0,6035.0
220,40628.0,8640.0
221,30943.0,10056.0
222,52022.0,15466.0
223,13100.0,3797.0
224,25442.0,8094.0
225,22671.0,6357.0
226,23830.0,6559.0
227,38604.0,9585.0
228,32839.0,10809.0
229,43936.0,8233.0
230,26271.0,7122.0
231,25726.0,8789.0
232,22348.0,4248.0
233,28592.0,6172.0
234,26071.0,7198.0
235,70915.0,21463.0
236,40065.0,12338.0
237,19687.0,6312.0
238,19781.0,4429.0
239,28103.0,9988.0
240,13197.0,4875.0
241,12741.0,2833.0
242,20261.0,5073.0
243,18388.0,6415.0
244,243837.0,122413.0
245,51417.0,13449.0
246,25403.0,5853.0
247,15407.0,3475.0
248,38224.0,6625.0
249,128519.0,41926.0
250,21916.0,4249.0
251,21264.0,8143.0
252,21442.0,8211.0
253,24872.0,7428.0
254,57247.0,12963.0
255,14611.0,2964.0
256,20566.0,8096.0
257,16710.0,4229.0
258,30400.0,8425.0
259,29463.0,6793.0
260,15462.0,5036.0
261,40232.0,12761.0
262,43385.0,15518.0
263,12847.0,4204.0
264,19153.0,5384.0
265,86356.0,36356.0
266,25858.0,9850.0
267,29486.0,8949.0
268,20465.0,5555.0
269,21993.0,6126.0
270,23807.0,7209.0
271,21876.0,6366.0
272,19963.0,6007.0
273,23017.0,6214.0
274,20500.0,5718.0
275,12962.0,2874.0
276,32201.0,11140.0
277,36185.0,11092.0
278,51704.0,16318.0
279,47525.0,15341.0
280,56822.0,25498.0
281,24181.0,7499.0
282,23739.0,9011.0
283,23595.0,7518.0
284,45230.0,16163.0
285,26528.0,8149.0
286,18114.0,5449.0
287,21209.0,5711.0
288,17033.0,4099.0
289,24799.0,8090.0
290,16007.0,5012.0
291,18698.0,7799.0
292,15001.0,4438.0
293,15131.0,4488.0
294,18246.0,6019.0
295,21763.0,8053.0
296,29865.0,11571.0
297,19173.0,6460.0
298,35235.0,11478.0
299,19472.0,5659.0
300,16638.0,5659.0
301,11452.0,2879.0
302,24447.0,11032.0
303,36450.0,14063.0
304,31078.0,13171.0
305,53494.0,36930.0
306,24060.0,12951.0
307,38159.0,13735.0
308,31031.0,10846.0
309,30266.0,11114.0
310,21085.0,6776.0
311,21158.0,6409.0
312,15279.0,5392.0
313,14207.0,5256.0
314,9666.0,3432.0
315,25531.0,8810.0
316,28850.0,9112.0
317,12567.0,4144.0
318,22978.0,6564.0
319,44600.0,14520.0
320,35167.0,11975.0
321,55495.0,19030.0
322,24040.0,9147.0
323,25035.0,5710.0
324,39088.0,14639.0
325,42313.0,14074.0
326,40857.0,8989.0
327,19591.0,7401.0
328,84236.0,28851.0
329,54637.0,20210.0
330,14757.0,4601.0
331,18399.0,6593.0
332,10670.0,3330.0
333,27451.0,6908.0
334,19774.0,5012.0
335,62121.0,26442.0
336,24746.0,9735.0
337,24746.0,8352.0
338,16859.0,5092.0
339,15349.0,4284.0
340,14936.0,4998.0
341,13763.0,4352.0
342,13041.0,3547.0
343,28750.0,10586.0
344,16390.0,7229.0
345,24763.0,8616.0
346,23406.0,7942.0
347,26650.0,8526.0
348,37549.0,13115.0
349,25629.0,6187.0
350,10820.0,2356.0
351,12470.0,2782.0
352,15968.0,3901.0
353,77888.0,40976.0
354,56211.0,22723.0
355,15247.0,3873.0
356,38366.0,14770.0
357,12967.0,2986.0
358,56100.0,22198.0
359,33046.0,12400.0
360,28884.0,10890.0
361,17595.0,4836.0
362,12798.0,3282.0
363,14142.0,3472.0
364,13914.0,3498.0
365,24679.0,7515.0
366,27366.0,9532.0
367,20268.0,5891.0
368,49855.0,21459.0
369,36477.0,13088.0
370,14680.0,5979.0
371,9287.0,2985.0
372,24292.0,8606.0
373,10165.0,4098.0
374,25550.0,11182.0
375,25881.0,10335.0
376,16615.0,5981.0
377,14744.0,4657.0
378,13110.0,4071.0
379,14293.0,5111.0
380,15321.0,3173.0
381,13563.0,4110.0
382,26297.0,8108.0
383,14882.0,7063.0
384,9631.0,4242.0
385,13916.0,5598.0
386,10484.0,2563.0
387,27782.0,10870.0
388,20547.0,7996.0
389,18527.0,6066.0
390,13709.0,5152.0
391,11265.0,3040.0
392,27277.0,8544.0
393,18756.0,5069.0
394,16694.0,5376.0
395,17450.0,7935.0
396,12241.0,5104.0
397,10943.0,3748.0
398,13183.0,6059.0
399,15425.0,5495.0
400,14201.0,3379.0
401,16602.0,6002.0
402,10413.0,2462.0
403,26993.0,10211.0
404,9722.0,2777.0
405,21288.0,6777.0
406,10020.0,2689.0
407,19318.0,6517.0
408,13648.0,4389.0
409,19613.0,5573.0
410,12115.0,3862.0
411,38702.0,14368.0
412,32505.0,12687.0
413,26309.0,9411.0
414,23923.0,8079.0
415,11104.0,5190.0
416,12590.0,3241.0
417,7442.0,2129.0
418,8995.0,2854.0
419,10093.0,3086.0
420,8951.0,2586.0
421,7300.0,1971.0
422,23994.0,7166.0
423,22289.0,6925.0
424,26079.0,8299.0
425,24137.0,8937.0
426,20216.0,6077.0
427,21601.0,9411.0
428,11701.0,3363.0
429,15322.0,5222.0
430,11187.0,4383.0
431,17718.0,5588.0
432,18943.0,5942.0
433,21121.0,6750.0
434,12444.0,6110.0
435,14341.0,4697.0
436,21158.0,7256.0
437,18695.0,6442.0
438,22152.0,7688.0
439,18845.0,5400.0
440,21872.0,4761.0
441,24090.0,8306.0
442,22687.0,6800.0
443,24263.0,8477.0
444,35065.0,11902.0
445,14850.0,3997.0
446,9935.0,2232.0
447,8456.0,2004.0
448,27e3,8724.0
449,27727.0,9199.0
450,11267.0,2801.0
451,18414.0,6138.0
452,29171.0,10287.0
453,16780.0,4163.0
454,14781.0,6882.0
455,13289.0,6269.0
456,16237.0,5980.0
457,18856.0,6798.0
458,19208.0,7393.0
459,20549.0,6736.0
460,12963.0,5036.0
461,12367.0,5310.0
462,25423.0,9366.0
463,26124.0,10021.0
464,20264.0,5979.0
465,11935.0,2954.0
466,9360.0,3184.0
467,12497.0,3416.0
468,15580.0,6482.0
469,28112.0,13197.0
470,33710.0,14025.0
471,12603.0,3530.0
472,28624.0,9944.0
473,11199.0,3156.0
474,33244.0,13938.0
475,25870.0,11948.0
476,29476.0,14486.0
477,20242.0,6364.0
478,15304.0,6570.0
479,23184.0,9018.0
480,40368.0,19488.0
481,18173.0,7135.0
482,40025.0,17387.0
483,27876.0,9294.0
484,25437.0,8464.0
485,30281.0,7876.0
486,21487.0,5689.0
487,28826.0,10207.0
488,27227.0,10584.0
489,25994.0,7758.0
490,14247.0,4945.0
491,13021.0,3675.0
492,16312.0,5076.0
493,19486.0,7162.0
494,11881.0,3576.0
495,12982.0,2609.0
496,9860.0,2799.0
497,12816.0,3449.0
498,10685.0,3215.0
499,10472.0,3392.0
500,9465.0,2681.0
501,9498.0,2710.0
502,12086.0,3761.0
503,13979.0,4509.0
504,38906.0,16205.0
505,23136.0,7323.0
506,19600.0,4817.0
507,14612.0,4411.0
508,15121.0,4298.0
509,9866.0,3532.0
510,10237.0,3466.0
511,13966.0,4802.0
512,13232.0,5124.0
513,9407.0,3644.0
514,15343.0,4844.0
515,9284.0,2059.0
516,10947.0,3657.0
517,12741.0,4496.0
518,14517.0,3767.0
519,47868.0,14210.0
520,27668.0,8940.0
521,14555.0,7978.0
522,18266.0,5015.0
523,9764.0,3343.0
524,36069.0,10381.0
525,51970.0,18203.0
526,48691.0,21193.0
527,43839.0,15068.0
528,12617.0,4203.0
529,15849.0,6232.0
530,15268.0,7089.0
531,20572.0,9817.0
532,39248.0,13265.0
533,13510.0,4576.0
534,11983.0,4101.0
535,17689.0,5285.0
536,20613.0,5326.0
537,28922.0,9807.0
538,34169.0,10962.0
539,14536.0,4317.0
540,14942.0,4324.0
541,9142.0,2432.0
542,22262.0,11266.0
543,45003.0,26023.0
544,19271.0,9940.0
545,11188.0,2601.0
546,10664.0,4094.0
547,19520.0,5347.0
548,8969.0,3198.0
549,11463.0,3459.0
550,28982.0,14158.0
551,29787.0,9678.0
552,19971.0,7295.0
553,9019.0,3374.0
554,21332.0,7062.0
555,291476.0,169526.0
556,15638.0,5023.0
557,83242.0,36060.0
558,34406.0,12307.0
559,33628.0,9665.0
560,10505.0,3087.0
561,24859.0,7497.0
562,13135.0,4120.0
563,11363.0,2986.0
564,21847.0,5974.0
565,8253.0,1755.0
566,7688.0,2037.0
567,18940.0,7750.0
568,10992.0,3923.0
569,13285.0,4654.0
570,7287.0,1608.0
571,7162.0,1713.0
572,9457.0,2793.0
573,10683.0,3218.0
574,10389.0,3429.0
575,19317.0,5021.0
576,7546.0,3026.0
577,14200.0,4529.0
578,12506.0,3997.0
579,10065.0,3035.0
580,10571.0,3115.0
581,11936.0,3692.0
582,10688.0,3159.0
583,17235.0,4541.0
584,9392.0,2622.0
585,14226.0,5248.0
586,22225.0,8110.0
587,22736.0,8940.0
588,13548.0,5984.0
589,12050.0,4689.0
590,37205.0,15322.0
591,20527.0,5231.0
592,13184.0,4671.0
593,14604.0,4849.0
594,21344.0,7396.0
595,17613.0,5444.0
596,12278.0,3900.0
597,29804.0,11287.0
598,21232.0,6678.0
599,22359.0,8553.0
600,10363.0,3138.0
601,13909.0,6197.0
602,15175.0,5659.0
603,22453.0,7792.0
604,29019.0,12951.0
605,14440.0,4417.0
606,10646.0,6326.0
607,47153.0,20580.0
608,16814.0,5059.0
609,23705.0,7806.0
610,10460.0,2702.0
611,17474.0,8117.0
612,17564.0,5531.0
613,15940.0,5359.0
614,10377.0,2969.0
615,11273.0,3067.0
616,12124.0,4102.0
617,7255.0,2400.0
618,16967.0,5425.0
619,11866.0,3727.0
620,17892.0,5477.0
621,16300.0,5427.0
622,9373.0,2580.0
623,6974.0,1961.0
624,16691.0,5220.0
625,13379.0,4090.0
626,27472.0,10007.0
627,9528.0,3291.0
628,30232.0,9550.0
629,18805.0,5088.0
630,21944.0,7195.0
631,21541.0,7078.0
632,9394.0,2402.0
633,9113.0,3237.0
634,19994.0,5649.0
635,18781.0,5528.0
636,20262.0,5623.0
637,15198.0,4028.0
638,14991.0,4062.0
639,13693.0,3851.0
640,21573.0,5270.0
641,18925.0,5040.0
642,25894.0,9346.0
643,9220.0,2731.0
644,6719.0,1598.0
645,15383.0,4226.0
646,7180.0,2143.0
647,9800.0,3525.0
648,21533.0,5661.0
649,14921.0,4279.0
650,18217.0,6552.0
651,16435.0,6081.0
652,21307.0,6228.0
653,16516.0,5143.0
654,20173.0,6195.0
655,18164.0,4844.0
656,40750.0,15231.0
657,27682.0,11120.0
658,19256.0,6024.0
659,17606.0,5351.0
660,20212.0,5900.0
661,16876.0,5324.0
662,27920.0,7949.0
663,19232.0,7065.0
664,17938.0,4818.0
665,10855.0,5166.0
666,26321.0,7588.0
667,17194.0,4783.0
668,22103.0,7376.0
669,8540.0,2006.0
670,10670.0,3037.0
671,13151.0,5040.0
672,22525.0,6490.0
673,25990.0,9091.0
674,13400.0,3091.0
675,13999.0,4507.0
676,11963.0,4056.0
677,29588.0,10613.0
678,9082.0,2181.0
679,9472.0,2244.0
680,22650.0,7939.0
681,19481.0,5663.0
682,26093.0,8176.0
683,35259.0,12948.0
684,24559.0,7893.0
685,15980.0,4894.0
686,7945.0,4081.0
687,10924.0,2846.0
688,8172.0,1995.0
689,7984.0,1836.0
690,31538.0,12158.0
691,26068.0,9089.0
692,21489.0,6202.0
693,9661.0,3679.0
694,24560.0,9928.0
695,29339.0,13110.0
696,15428.0,5146.0
697,31532.0,10956.0
698,19276.0,6110.0
699,10897.0,3042.0
700,28963.0,10282.0
701,17885.0,7450.0
702,28058.0,10416.0
703,15594.0,4658.0
704,14334.0,5115.0
705,40746.0,16223.0
706,24202.0,8700.0
707,21663.0,7135.0
708,21376.0,8463.0
709,8168.0,1960.0
710,3380.0,1171.0
711,8475.0,2009.0
712,14e3,4910.0
713,15665.0,4814.0
714,17614.0,7024.0
715,12465.0,3786.0
716,15837.0,4895.0
717,12220.0,6747.0
718,8158.0,2775.0
719,6440.0,2152.0
720,20691.0,6497.0
721,18911.0,6303.0
722,17554.0,6043.0
723,14805.0,4841.0
724,17379.0,5576.0
725,13064.0,5082.0
726,18102.0,5249.0
727,36409.0,13012.0
728,16865.0,4701.0
729,16428.0,4713.0
730,12874.0,4973.0
731,15190.0,4964.0
732,14154.0,4326.0
733,11335.0,3568.0
734,21495.0,7436.0
735,13417.0,4867.0
736,10056.0,3103.0
737,11717.0,3863.0
738,22355.0,6475.0
739,15584.0,4981.0
740,10376.0,3684.0
741,10584.0,3580.0
742,10181.0,3134.0
743,7735.0,2214.0
744,22247.0,8142.0
745,13057.0,4404.0
746,7331.0,2061.0
747,15946.0,3982.0
748,6450.0,1135.0
749,5056.0,922.0
750,7379.0,1784.0
751,8777.0,2404.0
752,5671.0,1178.0
753,5253.0,1044.0
754,5788.0,1422.0
755,6415.0,1432.0
756,5654.0,1274.0
757,4896.0,1020.0
758,5528.0,1203.0
759,5001.0,1042.0
760,5238.0,1153.0
761,5130.0,1031.0
762,6168.0,1683.0
763,5274.0,1175.0
764,4890.0,1060.0
765,6895.0,1635.0
766,10097.0,3146.0
767,13078.0,4008.0
768,24495.0,9801.0
769,13597.0,4629.0
770,14425.0,5051.0
771,12271.0,3922.0
772,11835.0,3546.0
773,9755.0,4033.0
774,8112.0,3130.0
775,16673.0,5771.0
776,13343.0,4202.0
777,13969.0,4711.0
778,13297.0,4478.0
779,12788.0,4290.0
780,26821.0,10001.0
781,24045.0,9669.0
782,16006.0,6123.0
783,16418.0,4999.0
784,24343.0,8793.0
785,13932.0,4599.0
786,16617.0,5070.0
787,22092.0,8475.0
788,11172.0,3503.0
789,11570.0,3383.0
790,16445.0,5119.0
791,13817.0,4767.0
792,7631.0,2183.0
793,8654.0,2457.0
794,12940.0,3754.0
795,7748.0,2233.0
796,11600.0,4250.0
797,25762.0,8397.0
798,32865.0,13020.0
799,33041.0,11687.0
800,17487.0,7131.0
801,16654.0,6856.0
802,24054.0,5941.0
803,15810.0,4728.0
804,29281.0,8374.0
805,17573.0,5698.0
806,15744.0,4849.0
807,28049.0,10106.0
808,12248.0,3804.0
809,13995.0,4659.0
810,17837.0,5725.0
811,13375.0,4192.0
812,14575.0,4943.0
813,11981.0,3938.0
814,14986.0,4630.0
815,17173.0,5391.0
816,32436.0,10620.0
817,18976.0,5735.0
818,19199.0,6583.0
819,21114.0,7127.0
820,29731.0,11046.0
821,12027.0,4851.0
822,11223.0,3241.0
823,19185.0,5277.0
824,7871.0,2818.0
825,10789.0,4239.0
826,8998.0,3393.0
827,20388.0,6415.0
828,9808.0,3069.0
829,19890.0,7653.0
830,8670.0,2300.0
831,13516.0,4640.0
832,13102.0,4756.0
833,15118.0,4984.0
834,10236.0,3875.0
835,20087.0,6813.0
836,17915.0,5613.0
837,17078.0,5017.0
838,23351.0,8667.0
839,21023.0,7384.0
840,19784.0,6930.0
841,18245.0,6198.0
842,25377.0,8507.0
843,9186.0,3418.0
844,10977.0,4213.0
845,12556.0,3819.0
846,24326.0,8334.0
847,29525.0,10525.0
848,40320.0,13498.0
849,9433.0,2583.0
850,18961.0,5983.0
851,22803.0,6737.0
852,21892.0,7243.0
853,17991.0,6545.0
854,27482.0,10222.0
855,9050.0,3471.0
856,35082.0,12606.0
857,114201.0,83289.0
858,7906.0,2202.0
859,12279.0,3394.0
860,13285.0,4489.0
861,9848.0,1976.0
862,8744.0,1629.0
863,7751.0,1442.0
864,29838.0,12496.0
865,25960.0,8233.0
866,14422.0,3527.0
867,39542.0,11864.0
868,29948.0,11281.0
869,25589.0,7046.0
870,25570.0,8014.0
871,13187.0,5149.0
872,12320.0,5154.0
873,11310.0,3922.0
874,12383.0,4035.0
875,8991.0,3169.0
876,12196.0,4434.0
877,12754.0,4176.0
878,10578.0,2707.0
879,8465.0,2494.0
880,12820.0,4488.0
881,9660.0,2967.0
882,26636.0,10766.0
883,28377.0,11501.0
884,16328.0,4241.0
885,28683.0,10635.0
886,15666.0,4966.0
887,16126.0,5435.0
888,7043.0,1713.0
889,11239.0,3933.0
890,18034.0,6072.0
891,13794.0,3884.0
892,12517.0,3765.0
893,11884.0,3048.0
894,10437.0,2831.0
895,13500.0,4072.0
896,17166.0,6443.0
897,17790.0,5674.0
898,9895.0,2567.0
899,12128.0,4438.0
900,22688.0,8259.0
901,8968.0,3870.0
902,35531.0,12791.0
903,12830.0,3012.0
904,33198.0,12611.0
905,20364.0,7848.0
906,26176.0,10373.0
907,19102.0,5863.0
908,20679.0,7686.0
909,8756.0,2790.0
910,7495.0,2381.0
911,8083.0,2438.0
912,7277.0,2333.0
913,8518.0,2877.0
914,10130.0,2766.0
915,12931.0,4230.0
916,30398.0,12033.0
917,10372.0,4233.0
918,10528.0,4103.0
919,17272.0,5365.0
920,13071.0,4912.0
921,11185.0,4838.0
922,20269.0,7833.0
923,9452.0,3221.0
924,8517.0,2782.0
925,12087.0,3529.0
926,14393.0,4986.0
927,18940.0,7053.0
928,21441.0,7964.0
929,22983.0,8085.0
930,29332.0,12012.0
931,14991.0,4643.0
932,10838.0,3719.0
933,11391.0,4609.0
934,12344.0,3595.0
935,6499.0,1656.0
936,8841.0,2526.0
937,16240.0,4711.0
938,11487.0,3045.0
939,14318.0,4152.0
940,15289.0,4420.0
941,9337.0,3355.0
942,8071.0,2474.0
943,9134.0,2775.0
944,8981.0,3327.0
945,16160.0,7823.0
946,13475.0,4344.0
947,11295.0,3966.0
948,12810.0,4344.0
949,12122.0,4599.0
950,10795.0,3440.0
951,15365.0,5542.0
952,26452.0,6903.0
953,22910.0,8591.0
954,25302.0,8818.0
955,26881.0,9942.0
956,11758.0,2611.0
957,12265.0,4021.0
958,15908.0,5197.0
959,17670.0,5361.0
960,14406.0,5029.0
961,7757.0,2792.0
962,14794.0,4514.0
963,27946.0,10265.0
964,11143.0,3900.0
965,14708.0,5417.0
966,21860.0,6508.0
967,25036.0,10197.0
968,15225.0,4193.0
969,9754.0,2968.0
970,14519.0,3883.0
971,8744.0,2494.0
972,9503.0,3476.0
973,9683.0,2566.0
974,8833.0,2665.0
975,5782.0,1632.0
976,16150.0,5187.0
977,8275.0,2191.0
978,6322.0,2249.0
979,11132.0,3785.0
980,15402.0,5655.0
981,12556.0,5404.0
982,8924.0,3583.0
983,14347.0,4709.0
984,17297.0,7074.0
985,19639.0,6756.0
986,17260.0,6756.0
987,11517.0,3316.0
988,10194.0,3648.0
989,11019.0,3776.0
990,10398.0,3444.0
991,11822.0,2647.0
992,12080.0,3925.0
993,18897.0,7332.0
994,18587.0,6127.0
995,15868.0,6141.0
996,14346.0,5339.0
997,7923.0,2757.0
998,8089.0,2414.0
999,8808.0,3721.0
1000,13394.0,3364.0
1001,10390.0,2688.0
1002,8830.0,5131.0
1003,14939.0,7118.0
1004,8212.0,2245.0
1005,8003.0,1954.0
1006,8890.0,2399.0
1007,10650.0,3979.0
1008,7338.0,1534.0
1009,26694.0,11371.0
1010,27761.0,10457.0
1011,8673.0,3498.0
1012,26631.0,10042.0
1013,14662.0,5285.0
1014,8790.0,3614.0
1015,6996.0,2054.0
1016,8624.0,2600.0
1017,13072.0,5044.0
1018,12349.0,4394.0
1019,10260.0,3571.0
1020,10259.0,3322.0
1021,8617.0,2682.0
1022,8149.0,2580.0
1023,6258.0,2080.0
1024,16364.0,6064.0
1025,5531.0,2183.0
1026,21013.0,6482.0
1027,15198.0,5556.0
1028,15391.0,4913.0
1029,30533.0,10737.0
1030,28405.0,9142.0
1031,7162.0,1792.0
1032,9400.0,2722.0
1033,10676.0,3259.0
1034,7836.0,2103.0
1035,10929.0,3538.0
1036,6493.0,1977.0
1037,17881.0,5244.0
1038,13970.0,4894.0
1039,11390.0,2662.0
1040,9024.0,2196.0
1041,10084.0,3563.0
1042,11956.0,4034.0
1043,15639.0,6061.0
1044,13408.0,4807.0
1045,15601.0,5756.0
1046,7302.0,2543.0
1047,12995.0,6695.0
1048,8164.0,2470.0
1049,8065.0,2178.0
1050,9066.0,2669.0
1051,14868.0,4828.0
1052,8881.0,2699.0
1053,14325.0,4799.0
1054,13954.0,4865.0
1055,12960.0,3788.0
1056,13779.0,4905.0
1057,9539.0,3945.0
1058,23564.0,8115.0
1059,19935.0,6719.0
1060,14719.0,4090.0
1061,22785.0,6452.0
1062,12142.0,3913.0
1063,16329.0,6031.0
1064,16128.0,7294.0
1065,11855.0,4899.0
1066,10230.0,3684.0
1067,35273.0,13156.0
1068,19662.0,7247.0
1069,15293.0,5227.0
1070,16714.0,5654.0
1071,15420.0,6301.0
1072,13574.0,5008.0
1073,15081.0,5568.0
1074,13903.0,5533.0
1075,25985.0,9083.0
1076,15890.0,6413.0
1077,14247.0,5904.0
1078,15478.0,4601.0
1079,17253.0,6322.0
1080,14583.0,4967.0
1081,18553.0,7493.0
1082,18441.0,7117.0
1083,13808.0,4242.0
1084,24837.0,8570.0
1085,18252.0,7174.0
1086,10870.0,3430.0
1087,14928.0,5635.0
1088,14288.0,6208.0
1089,28438.0,13167.0
1090,15077.0,6810.0
1091,27192.0,9670.0
1092,15164.0,5581.0
1093,18141.0,6487.0
1094,13154.0,4511.0
1095,24747.0,7666.0
1096,20157.0,5762.0
1097,25148.0,9891.0
1098,10515.0,4022.0
1099,7703.0,3136.0
1100,25618.0,10066.0
1101,23129.0,9652.0
1102,9973.0,2631.0
1103,18012.0,4548.0
1104,14254.0,3496.0
1105,15478.0,6089.0
1106,17040.0,5543.0
1107,22295.0,7493.0
1108,16432.0,5798.0
1109,15061.0,5012.0
1110,11034.0,3595.0
1111,11036.0,3130.0
1112,10021.0,2964.0
1113,14498.0,5406.0
1114,15402.0,5047.0
1115,25170.0,10125.0
1116,10786.0,3036.0
1117,10060.0,2970.0
1118,13930.0,3953.0
1119,30980.0,13465.0
1120,18293.0,4802.0
1121,17177.0,4070.0
1122,19461.0,5948.0
1123,22632.0,7332.0
1124,27856.0,11307.0
1125,18227.0,5448.0
1126,15994.0,5494.0
1127,14306.0,4361.0
1128,26282.0,8320.0
1129,26380.0,7549.0
1130,25884.0,7027.0
1131,22025.0,7154.0
1132,37125.0,13572.0
1133,36328.0,16142.0
1134,35356.0,11915.0
1135,30005.0,11731.0
1136,8717.0,2811.0
1137,8082.0,2438.0
1138,8794.0,2987.0
1139,45860.0,17714.0
1140,17460.0,7470.0
1141,26403.0,8288.0
1142,27728.0,12655.0
1143,21190.0,6097.0
1144,47595.0,18055.0
1145,9754.0,3502.0
1146,18048.0,5588.0
1147,35515.0,12717.0
1148,15494.0,3637.0
1149,12412.0,3318.0
1150,27373.0,7674.0
1151,23683.0,8464.0
1152,47434.0,17998.0
1153,9229.0,2190.0
1154,7775.0,1973.0
1155,16893.0,4165.0
1156,17086.0,5513.0
1157,15988.0,5371.0
1158,13907.0,5228.0
1159,16728.0,5348.0
1160,9661.0,3303.0
1161,35736.0,14455.0
1162,32966.0,14808.0
1163,11707.0,6535.0
1164,21959.0,6016.0
1165,13837.0,3393.0
1166,10387.0,3705.0
1167,14038.0,4312.0
1168,13279.0,3903.0
1169,16909.0,5458.0
1170,14970.0,4696.0
1171,13920.0,4182.0
1172,21810.0,5862.0
1173,14593.0,4412.0
1174,13702.0,4469.0
1175,12406.0,3221.0
1176,17523.0,5114.0
1177,28066.0,7820.0
1178,19108.0,4940.0
1179,20240.0,5783.0
1180,25366.0,8317.0
1181,17977.0,5425.0
1182,15970.0,7921.0
1183,9428.0,2337.0
1184,11749.0,3569.0
1185,10250.0,2728.0
1186,7147.0,1446.0
1187,6110.0,1200.0
1188,6274.0,1284.0
1189,6849.0,1333.0
1190,8578.0,2079.0
1191,9553.0,2630.0
1192,31970.0,15719.0
1193,17831.0,3593.0
1194,17970.0,6450.0
1195,18665.0,6628.0
1196,17535.0,5363.0
1197,25438.0,10465.0
1198,14336.0,4433.0
1199,16858.0,4346.0
1200,12698.0,3892.0
1201,11472.0,3370.0
1202,8101.0,2512.0
1203,8734.0,2646.0
1204,8569.0,2416.0
1205,10664.0,3090.0
1206,21101.0,6043.0
1207,20262.0,8143.0
1208,17952.0,6469.0
1209,15753.0,4736.0
1210,16588.0,5516.0
1211,12065.0,3500.0
1212,16142.0,6831.0
1213,14145.0,6168.0
1214,41367.0,24701.0
1215,17580.0,4895.0
1216,10767.0,3942.0
1217,20361.0,6930.0
1218,11620.0,3896.0
1219,10086.0,3275.0
1220,10528.0,4987.0
1221,19827.0,7175.0
1222,13847.0,5253.0
1223,10895.0,4450.0
1224,13931.0,4779.0
1225,7422.0,2410.0
1226,8961.0,2393.0
1227,18338.0,6554.0
1228,11739.0,4951.0
1229,13924.0,5379.0
1230,14024.0,4914.0
1231,20544.0,5813.0
1232,23659.0,6113.0
1233,21276.0,7405.0
1234,19061.0,6220.0
1235,11370.0,3715.0
1236,12553.0,4331.0
1237,19600.0,5011.0
1238,9256.0,2776.0
1239,15009.0,5716.0
1240,7110.0,3005.0
1241,6552.0,2246.0
1242,5994.0,2026.0
1243,6248.0,2125.0
1244,6132.0,2072.0
1245,16823.0,5435.0
1246,19275.0,7432.0
1247,11128.0,3965.0
1248,9147.0,2563.0
1249,18617.0,9696.0
1250,7776.0,2168.0
1251,10899.0,4600.0
1252,7980.0,3368.0
1253,8953.0,3833.0
1254,8935.0,4682.0
1255,14097.0,4298.0
1256,16559.0,5446.0
1257,8528.0,2562.0
1258,7580.0,3097.0
1259,14629.0,5201.0
1260,6776.0,2829.0
1261,13364.0,6343.0
1262,18624.0,8612.0
1263,13217.0,3934.0
1264,14258.0,6281.0
1265,12796.0,3857.0
1266,14874.0,3575.0
1267,23482.0,7967.0
1268,7817.0,1914.0
1269,10044.0,2643.0
1270,10965.0,3768.0
1271,12060.0,3485.0
1272,20829.0,8143.0
1273,23399.0,8461.0
1274,15098.0,5211.0
1275,23583.0,7044.0
1276,16030.0,5494.0
1277,12292.0,3611.0
1278,23027.0,7809.0
1279,13573.0,4870.0
1280,10558.0,3211.0
1281,17857.0,5556.0
1282,6768.0,2790.0
1283,13785.0,5085.0
1284,14244.0,4523.0
1285,11951.0,4174.0
1286,11951.0,4866.0
1287,15276.0,4629.0
1288,6210.0,1850.0
1289,28558.0,9914.0
1290,9731.0,2869.0
1291,7970.0,2892.0
1292,14481.0,4696.0
1293,14101.0,5094.0
1294,15712.0,6607.0
1295,8993.0,2279.0
1296,8513.0,2562.0
1297,7624.0,2163.0
1298,5439.0,1764.0
1299,8607.0,2565.0
1300,13986.0,3921.0
1301,16395.0,4906.0
1302,20030.0,6912.0
1303,20146.0,6869.0
1304,20368.0,7180.0
1305,13459.0,3845.0
1306,13126.0,4092.0
1307,10003.0,2433.0
1308,17981.0,6091.0
1309,10196.0,3065.0
1310,9170.0,2602.0
1311,6891.0,2017.0
1312,7564.0,1970.0
1313,6324.0,1919.0
1314,10899.0,4534.0
1315,7902.0,2766.0
1316,7750.0,2268.0
1317,7355.0,1982.0
1318,10294.0,4026.0
1319,12288.0,4310.0
1320,21355.0,9608.0
1321,19299.0,6364.0
1322,11095.0,3623.0
1323,14377.0,4938.0
1324,14664.0,3826.0
1325,12147.0,4016.0
1326,15239.0,4993.0
1327,8010.0,2441.0
1328,11595.0,3969.0
1329,15602.0,4866.0
1330,8881.0,2446.0
1331,6254.0,2029.0
1332,6095.0,1601.0
1333,6193.0,1631.0
1334,7413.0,2281.0
1335,6479.0,1751.0
1336,8316.0,2392.0
1337,5355.0,1511.0
1338,4724.0,1469.0
1339,5569.0,1553.0
1340,7070.0,2233.0
1341,7344.0,2240.0
1342,6854.0,2648.0
1343,8468.0,3325.0
1344,4576.0,1389.0
1345,8866.0,3038.0
1346,5440.0,1524.0
1347,7393.0,2694.0
1348,6677.0,2130.0
1349,4975.0,1398.0
1350,4989.0,1567.0
1351,10254.0,3616.0
1352,7987.0,2745.0
1353,6300.0,2140.0
1354,7203.0,2193.0
1355,8324.0,2652.0
1356,5681.0,1844.0
1357,8287.0,2680.0
1358,8379.0,2869.0
1359,9431.0,3509.0
1360,8163.0,2775.0
1361,9568.0,3649.0
1362,12086.0,6666.0
1363,6754.0,2508.0
1364,9497.0,2780.0
1365,4708.0,1814.0
1366,4899.0,1554.0
1367,14942.0,6667.0
1368,6380.0,2357.0
1369,4686.0,1185.0
1370,8616.0,3193.0
1371,11393.0,3185.0
1372,6701.0,1918.0
1373,11903.0,3089.0
1374,10252.0,3469.0
1375,7479.0,2343.0
1376,4783.0,1756.0
1377,11566.0,3981.0
1378,5016.0,2039.0
1379,4982.0,1992.0
1380,6451.0,2477.0
1381,7069.0,2976.0
1382,4738.0,1645.0
1383,8011.0,3230.0
1384,9903.0,3094.0
1385,6436.0,2054.0
1386,5004.0,1510.0
1387,9728.0,4157.0
1388,9664.0,3205.0
1389,7942.0,2104.0
1390,9329.0,3535.0
1391,12108.0,4043.0
1392,9999.0,3530.0
1393,7001.0,3150.0
1394,7296.0,3142.0
1395,6414.0,2833.0
1396,6806.0,2291.0
1397,16371.0,6572.0
1398,8647.0,3056.0
1399,10100.0,3380.0
1400,10206.0,3374.0
1401,10239.0,3973.0
1402,12635.0,3742.0
1403,21323.0,7550.0
1404,11297.0,3305.0
1405,12728.0,4900.0
1406,6021.0,1303.0
1407,7296.0,1851.0
1408,13799.0,3713.0
1409,10552.0,2585.0
1410,6965.0,2147.0
1411,6147.0,1878.0
1412,6359.0,2005.0
1413,6070.0,1673.0
1414,18207.0,5504.0
1415,14691.0,4280.0
1416,18104.0,6118.0
1417,14714.0,4960.0
1418,19930.0,7901.0
1419,10562.0,3737.0
1420,4997.0,2004.0
1421,6169.0,2518.0
1422,6496.0,2012.0
1423,15994.0,9150.0
1424,4107.0,803.0
1425,11520.0,3876.0
1426,8017.0,2505.0
1427,5903.0,1978.0
1428,5828.0,2106.0
1429,8459.0,2688.0
1430,6792.0,2528.0
1431,4976.0,1901.0
1432,9053.0,3507.0
1433,5348.0,1614.0
1434,9223.0,3189.0
1435,9746.0,3567.0
1436,10999.0,4250.0
1437,10230.0,6285.0
1438,5065.0,1540.0
1439,17466.0,7710.0
1440,9300.0,3756.0
1441,7814.0,3355.0
1442,8318.0,3727.0
1443,7065.0,3412.0
1444,14019.0,6635.0
1445,5368.0,1658.0
1446,15723.0,4062.0
1447,13860.0,4168.0
1448,10449.0,3271.0
1449,7939.0,2314.0
1450,5129.0,1243.0
1451,5734.0,1477.0
1452,4937.0,1227.0
1453,4818.0,1331.0
1454,2582.0,835.0
1455,4072.0,1274.0
1456,3047.0,950.0
1457,11460.0,5615.0
1458,4375.0,1328.0
1459,6439.0,2099.0
1460,3885.0,1379.0
1461,12543.0,4123.0
1462,11026.0,4143.0
1463,5918.0,1909.0
1464,14107.0,5022.0
1465,7277.0,2031.0
1466,13385.0,4696.0
1467,20591.0,7505.0
1468,8621.0,2464.0
1469,15320.0,4968.0
1470,6255.0,2247.0
1471,7993.0,2959.0
1472,3239.0,1071.0
1473,7532.0,3292.0
1474,5375.0,1323.0
1475,3365.0,1083.0
1476,5537.0,2327.0
1477,5398.0,2081.0
1478,5971.0,2301.0
1479,5901.0,2047.0
1480,5832.0,2008.0
1481,4804.0,2034.0
1482,8037.0,3938.0
1483,6151.0,1892.0
1484,6172.0,2594.0
1485,5368.0,2115.0
1486,5792.0,2151.0
1487,5931.0,2436.0
1488,5555.0,2826.0
1489,8788.0,3602.0
1490,5757.0,2327.0
1491,5793.0,2448.0
1492,6311.0,2585.0
1493,7280.0,2666.0
1494,5997.0,2184.0
1495,5088.0,1296.0
1496,4638.0,1815.0
1497,5439.0,1993.0
1498,3377.0,937.0
1499,7578.0,2750.0
1500,8349.0,1961.0
1501,9248.0,3482.0
1502,8611.0,3510.0
1503,8129.0,2889.0
1504,12774.0,5081.0
1505,6174.0,1707.0
1506,3172.0,1365.0
1507,4236.0,1060.0
1508,2590.0,990.0
1509,3550.0,1146.0
1510,3719.0,1151.0
1511,2304.0,713.0
1512,2599.0,952.0
